code;name;baz_dot;rev_dot;osv_subv;med_subv;
05202100000;м. Авдіївка;;1485.50;20934.10;23395.90;
05203100000;м. Артемівськ;;3194.20;68614.20;68934.70;
10202100000;м. Бiла Церква;5271.00;;150054.00;137004.90;
06202100000;м. Бердичів;2983.50;;62121.70;52196.70;
08202100000;м. Бердянськ;10672.20;;77557.20;80815.40;
07202100000;м. Берегове;;;27774.40;15990.80;
19203100000;м. Бережани;2041.00;;15480.60;12895.90;
10201100000;м. Березань;;;13219.90;10882.10;
15202100000;м. Білгород-Дністровський;;;49936.50;37543.70;
09202100000;м. Болехів;7076.80;;29323.40;16387.80;
13202100000;м. Борислав;1242.80;;33191.90;24677.70;
10203100000;м. Бориспiль;;26312.40;51318.70;39134.30;
10204100000;м. Бровари;;6715.30;86107.70;64671.20;
09206100000;м. Бурштин;;6145.50;13118.50;10295.90;
10211100000;м. Буча;2134.80;;32941.00;20279.00;
10205100000;м. Василькiв;;1249.50;36947.40;24467.70;
23202100000;м. Ватутiне;5823.20;;12448.00;12127.00;
04202100000;м. Вiльногiрськ;;8161.70;15986.40;15896.00;
02201100000;м. Вінниця;;40481.30;277659.70;241755.00;
14202100000;м. Вознесенськ;1539.50;;34208.30;23979.50;
03202100000;м. Володимир-Волинський;;;30248.30;25151.90;
05204100000;м. Вугледар;;9779.10;13651.90;10021.30;
16206100000;м. Гадяч;;;15964.90;15828.30;
18202100000;м. Глухів;5760.10;;19605.30;22461.60;
21204100000;м. Гола Пристань;;;13359.30;9956.20;
05207100000;м. Дзержинськ;6982.20;;53829.50;49412.90;
05208100000;м. Димитров;;79.80;44499.90;33665.50;
04203100000;м. Днiпродзержинськ;;3946.50;188387.20;164978.00;
04201100000;м. Днiпропетровськ;;359721.40;679061.30;633286.30;
05209100000;м. Добропілля;;10250.10;66439.70;42020.50;
13203100000;м. Дрогобич;15908.50;;74966.60;64024.00;
05211100000;м. Дружківка;9156.10;;37846.20;46321.90;
17202100000;м. Дубно;4757.80;;31840.90;24998.40;
08203100000;м. Енергодар;;58959.70;46947.80;35508.80;
06201100000;м. Житомир;;34518.20;211188.50;175482.90;
02202100000;м. Жмеринка;;9835.80;35030.40;22971.10;
04204100000;м. Жовтi Води;;;31252.60;32069.90;
08201100000;м. Запоріжжя;;185199.40;485692.00;510327.00;
11202100000;м. Знам'янка;;13717.00;21447.90;19367.40;
23203100000;м. Золотоноша;315.30;;19619.70;19372.50;
09201100000;м. Івано-Франківськ;;20907.50;189118.90;158730.00;
15203100000;м. Ізмаїл;;;63640.10;48339.10;
20202100000;м. Ізюм;13753.10;;39317.60;34385.80;
15204100000;м. Іллічівськ;;22764.20;62382.00;;
10206100000;м. Iрпiнь;;12616.20;60145.30;51482.50;
09203100000;м. Калуш;;;54327.40;44282.70;
22202100000;м. Кам'янець-Подiльський;12717.20;;72615.20;65576.30;
23204100000;м. Канiв;;57.50;18006.10;16938.80;
21202100000;м. Каховка;;;28187.00;24893.40;
11201100000;м. Кіровоград;;20600.70;193132.10;158829.10;
03203100000;м. Ковель;4512.90;;65768.50;44501.40;
02203100000;м. Козятин;;12584.20;21335.70;16682.20;
09204100000;м. Коломия;6049.90;;50516.20;39685.50;
16202100000;м. Комсомольськ;;27964.00;40106.80;36226.50;
18203100000;м. Конотоп;;;51049.60;61402.70;
06203100000;м. Коростень;;;52349.00;43415.80;
05215100000;м. Костянтинівка;9336.50;;49924.60;51469.30;
15205100000;м. Котовськ;;;31961.90;26580.70;
05216100000;м. Краматорськ;;8521.40;127292.00;130429.40;
05218100000;м. Красноармійськ;;26342.70;59700.40;50982.80;
19204100000;м. Кременець;2814.60;;13888.40;14099.90;
16203100000;м. Кременчук;;41577.10;161667.40;149634.50;
04205100000;м. Кривий Рiг;;154738.00;505317.30;431940.90;
17203100000;м. Кузнецовськ;;35431.40;40730.90;25962.00;
20203100000;м. Куп'янськ;;;40177.30;38158.30;
02204100000;м. Ладижин;;8701.50;17560.70;15965.90;
18204100000;м. Лебедин;4341.00;;19036.20;17649.20;
12208100000;м. Лисичанськ;8652.20;;64242.10;78740.50;
20204100000;м. Лозова;;;46146.10;44332.70;
16204100000;м. Лубни;3516.50;;34659.20;31960.40;
03201100000;м. Луцьк;;12901.10;200903.90;139808.90;
13201100000;м. Львів;;177373.50;554218.40;493260.10;
20205100000;м. Люботин;2919.30;;19210.80;16603.90;
06205100000;м. Малин;;;22828.80;17710.90;
04206100000;м. Марганець;4713.70;;33662.50;32937.00;
05220100000;м. Маріуполь;;77047.80;298903.10;326694.10;
08204100000;м. Мелітополь;15519.80;;102783.50;104041.50;
14201100000;м. Миколаїв;;37806.60;309413.50;329559.70;
16205100000;м. Миргород;;;29429.10;27170.80;
02205100000;м. Могилів-Подільський;4239.30;;26693.70;20756.40;
13204100000;м. Моршин;;1552.30;4368.00;3995.50;
07203100000;м. Мукачеве;;8984.70;78204.80;55152.80;
04207100000;м. Нiкополь;;19716.00;90305.00;79253.90;
22203100000;м. Нетiшин;;17944.40;28858.00;23306.70;
25202100000;м. Ніжин;5185.90;;50307.40;47641.10;
21203100000;м. Нова Каховка;1026.30;;51797.90;46224.60;
25204100000;м. Новгород-Сіверський;521.60;;8421.20;9141.70;
13205100000;м. Новий Розділ;6454.80;;22109.40;18654.70;
03204100000;м. Нововолинськ;7038.00;;40491.70;38199.30;
06204100000;м. Новоград-Волинський;;1705.20;48216.20;36520.50;
05221100000;м. Новогродівка;;8294.20;10873.20;10215.50;
24202100000;м. Новодністровськ;;1796.60;8113.80;6998.00;
04208100000;м. Новомосковськ;9818.60;;57614.00;47468.20;
10212100000;м. Обухів;;14529.50;31774.00;21698.70;
15201100000;м. Одеса;;132213.70;758584.00;670066.50;
11203100000;м. Олександрія;22629.10;;66675.20;62026.30;
04209100000;м. Орджонiкiдзе;;1634.40;27923.50;28783.90;
17204100000;м. Острог;1497.10;;10162.20;9995.40;
18205100000;м. Охтирка;;1903.10;36270.00;32578.90;
14203100000;м. Очаків;;960.20;10616.20;9779.60;
04210100000;м. Павлоград;;;86049.20;72394.50;
14204100000;м. Первомайськ (Миколаївська обл.);16803.90;;51292.40;44556.60;
20206100000;м. Первомайський;8212.10;;22599.50;20478.70;
10207100000;м. Переяслав-Хмельницький;;;22954.70;18247.30;
04211100000;м. Першотравенськ;;4655.00;22603.40;19058.70;
16201100000;м. Полтава;;83050.40;206451.60;194259.60;
25203100000;м. Прилуки;;10863.60;41195.80;38960.60;
17201100000;м. Рiвне;;23234.60;188601.70;159933.30;
10208100000;м. Ржищів;895.70;;5041.30;4898.30;
18206100000;м. Ромни;;;35614.30;28351.00;
12211100000;м. Рубіжне;643.10;;31227.50;39919.60;
13206100000;м. Самбір;;;30109.70;22820.60;
11204100000;м. Світловодськ;9033.90;;31907.40;36792.30;
05222100000;м. Селидове;3541.40;;33024.10;36135.70;
12213100000;м. Сєверодонецьк;;;70723.50;80068.20;
04212100000;м. Синельникове;;;25710.70;20857.30;
22204100000;м. Славута;261.00;;30282.10;23351.30;
10209100000;м. Славутич;;25954.60;18400.10;15810.50;
05223100000;м. Слов'янськ;10176.50;;100068.40;90783.30;
23205100000;м. Смiла;;;49851.90;45164.50;
22205100000;м. Старокостянтинів;;;33234.30;23009.00;
13207100000;м. Стрий;;;50360.90;38770.90;
18201100000;м. Суми;;56401.30;193061.60;178679.80;
15206100000;м. Теплодар;3645.90;;7372.40;6534.90;
04213100000;м. Тернівка;;5151.70;24379.60;19162.30;
19201100000;м. Тернопіль;;16221.40;188813.40;140066.20;
08205100000;м. Токмак;7516.10;;22427.00;22203.60;
13208100000;м. Трускавець;;;15368.50;19697.20;
07201100000;м. Ужгород;;28356.50;109651.10;74389.20;
23206100000;м. Умань;9407.80;;62223.20;56639.40;
10210100000;м. Фастiв;;5099.50;43166.50;31651.40;
20201100000;м. Харків;;181402.20;882975.70;952762.00;
21201100000;м. Херсон;;;246998.10;222994.80;
22201100000;м. Хмельницький;;20074.30;217419.70;172897.30;
02206100000;м. Хмільник;3217.30;;22069.10;18825.80;
07204100000;м. Хуст;2085.10;;48071.40;20622.60;
13209100000;м. Червоноград;5016.40;;64216.00;54080.00;
23201100000;м. Черкаси;;29001.60;186310.50;188628.80;
24201100000;м. Чернівці;;;193165.70;170189.60;
25201100000;м. Чернігів;;;200301.30;193877.40;
07205100000;м. Чоп;;1347.50;7981.60;5776.70;
19202100000;м. Чортків;4151.50;;27924.90;18995.30;
20207100000;м. Чугуїв;;;26670.70;21891.10;
22206100000;м. Шепетiвка;;;48475.80;28409.40;
18207100000;м. Шостка;11750.30;;48246.60;52222.00;
15207100000;м. Южне;;29395.50;25030.80;20519.80;
14205100000;м. Южноукраїнськ;;29406.90;27858.00;26032.20;
09205100000;м. Яремче;2348.70;;29310.70;18319.50;
15301200000;Ананьївський р-н;6048.10;;33207.80;16325.50;
06301200000;Андрушівський р-н;4344.70;;36991.10;17412.70;
14301200000;Арбузинський р-н;;;27082.10;12192.20;
05302200000;Аpтемівський р-н;299.80;;53951.30;50045.90;
15302200000;Арцизький р-н;10786.20;;50295.30;27054.60;
20301200000;Балаклійський р-н;;5252.90;75951.70;49944.50;
15303200000;Балтський р-н;2811.20;;11419.60;5418.10;
06302200000;Баранівський р-н;11948.50;;39265.00;22053.20;
20302200000;Барвінківський р-н;2510.00;;28578.80;13838.50;
10301200000;Баришiвський р-н;1787.80;;47552.00;21843.50;
02301200000;Барський р-н;11507.60;;63527.70;32314.00;
25301200000;Бахмацький р-н;465.20;;45401.00;28482.50;
14302200000;Баштанський р-н;5630.40;;45700.30;22410.70;
06303200000;Бердичівський р-н;6286.30;;40017.60;17651.30;
08301200000;Бердянський р-н;1924.70;;26401.10;12782.50;
07301200000;Берегівський р-н;21021.70;;79341.20;30281.50;
19301200000;Бережанський р-н;9273.50;;31573.40;13219.20;
14303200000;Березанський р-н;2906.40;;31750.10;13987.40;
15304200000;Березівський р-н;4163.40;;32424.00;16037.70;
17301200000;Березнiвський р-н;22050.60;;132086.90;36805.80;
14304200000;Березнегуватський р-н;4309.60;;25250.80;12170.10;
21301200000;Бериславський р-н;13846.30;;49284.90;28751.80;
02302200000;Бершадський р-н;13494.20;;69749.90;36960.90;
15305200000;Білгород-Дністровський р-н;13041.20;;79376.50;32188.30;
12302200000;Біловодський р-н;2330.90;;31792.70;14661.90;
22301200000;Бiлогiрський  р-н;5741.40;;37997.80;16404.40;
21302200000;Білозерський р-н;15437.40;;72699.70;39467.80;
12303200000;Білокуракинський р-н;1169.90;;13533.20;3633.60;
18301200000;Бiлопiльський р-н;9284.60;;47379.50;31621.40;
10302200000;Бiлоцеркiвський р-н;;;57846.40;30477.60;
15306200000;Біляївський р-н;18057.80;;116533.40;46940.60;
20303200000;Близнюківський р-н;;;26518.90;11863.70;
11301200000;Бобринецький р-н;2061.50;;21712.30;8549.10;
25302200000;Бобровицький р-н;;;38193.70;21087.30;
20304200000;Богодухівський р-н;5554.30;;37841.90;23857.30;
09301200000;Богородчанський р-н;17263.80;;94122.00;40684.80;
10303200000;Богуславський р-н;5329.60;;36672.40;21519.70;
15307200000;Болградський р-н;22545.70;;67757.80;41026.10;
25303200000;Борзнянський р-н;5570.40;;33639.20;20634.00;
10304200000;Бориспiльський  р-н;;35633.10;63622.80;32051.70;
20305200000;Борівський р-н;1818.00;;22510.80;10423.20;
10305200000;Бородянський р-н;12743.20;;64646.00;33557.50;
19302200000;Борщівський р-н;12174.60;;42942.90;23787.80;
14305200000;Братський р-н;2087.50;;25384.40;10771.10;
10306200000;Броварський р-н;;2524.20;76080.50;34735.60;
13301200000;Бродівський  р-н;5953.00;;68244.30;33788.10;
06304200000;Брусилівський р-н;3284.20;;22986.70;9201.30;
18302200000;Буринський р-н;3486.60;;29710.90;16334.90;
13302200000;Буський р-н;12734.80;;57996.80;27580.70;
19303200000;Бучацький р-н;18540.20;;74055.90;31204.90;
20306200000;Валківський р-н;3683.10;;33557.80;19534.20;
25304200000;Варвинський р-н;;3854.80;18462.40;10183.50;
08302200000;Василівський р-н;;;62235.00;39204.60;
04302200000;Василькiвский р-н (Дніпропетровська обл.);7214.60;;35206.80;19880.70;
10307200000;Василькiвський р-н (Київська обл.);;;77526.10;35496.80;
16301200000;Великобагачанський р-н;1273.60;;22190.90;13202.30;
07302200000;Великоберезнянський р-н;7574.50;;35353.50;16639.20;
08303200000;Великобілозерський р-н;527.40;;13350.10;4917.80;
20307200000;Великобурлуцький р-н;;;27617.20;13721.40;
21303200000;Великолепетиський р-н;2575.80;;18014.80;10125.60;
15308200000;Великомихайлівський р-н;6346.90;;23869.50;10712.40;
05303200000;Великоновосілківський р-н;8233.70;;65814.20;24597.30;
21304200000;Великоолександрівський р-н;5194.50;;35904.20;15569.50;
18303200000;Великописарівський р-н;3356.60;;18890.20;12226.00;
04303200000;Верхньоднiпровський р-н;3358.60;;49308.10;32484.40;
21305200000;Верхньорогачицький р-н;3871.00;;13157.30;7281.20;
09302200000;Верховинський р-н;9609.70;;78963.70;22051.40;
14306200000;Веселинівський р-н;3935.80;;32825.20;13877.60;
08304200000;Веселівський р-н;1956.90;;14328.90;5346.00;
24301200000;Вижницький р-н;20144.00;;79671.00;33180.00;
07303200000;Виноградівський р-н;32503.80;;170888.70;69289.40;
21306200000;Високопільський р-н;2757.50;;11455.10;7168.80;
10308200000;Вишгородський р-н;;18203.20;79089.70;43518.70;
08305200000;Вільнянський р-н;6120.20;;51247.00;28930.30;
11302200000;Вільшанський р-н;1218.40;;15057.40;7860.80;
02303200000;Вінницький р-н;13649.90;;79255.50;47578.80;
22302200000;Вiньковецький  р-н;7429.60;;28719.30;15448.90;
20308200000;Вовчанський р-н;4743.50;;45619.40;28928.90;
14307200000;Вознесенський р-н;8771.10;;34273.80;18419.50;
05304200000;Волноваський р-н;2443.70;;112586.00;63057.00;
07304200000;Воловецький р-н;6636.60;;43891.30;17651.60;
05305200000;Володаpський р-н (Донецька обл.);3902.10;;31051.50;17578.50;
10309200000;Володарський р-н (Київська обл.);;238.00;20529.10;10973.10;
06305200000;Володарсько-Волинський р-н;4958.60;;26194.90;11361.60;
03301200000;Володимир-Волинський р-н;1913.40;;15366.00;7386.90;
17302200000;Володимирецький р-н;25507.30;;124293.50;36760.00;
22303200000;Волочиський р-н;755.90;;6813.60;2844.60;
14308200000;Врадіївський р-н;3930.70;;23696.50;10584.30;
16302200000;Гадяцький р-н;;;36242.90;18931.00;
11303200000;Гайворонський р-н;8992.50;;35611.50;23585.60;
02304200000;Гайсинський р-н;6480.40;;71963.00;35305.70;
09303200000;Галицький р-н;14792.50;;51030.50;27022.40;
21307200000;Генічеський р-н;15200.00;;62218.00;35875.70;
24302200000;Герцаївський р-н;13194.00;;50807.60;19204.20;
24303200000;Глибоцький р-н;26386.10;;85386.70;33147.20;
16303200000;Глобинський р-н;3696.00;;36804.50;18195.90;
18304200000;Глухiвський р-н;2546.60;;18484.60;11203.80;
11304200000;Голованівський р-н;;;33513.80;19450.50;
21308200000;Голопристанський р-н;17239.50;;62777.30;27227.60;
21309200000;Горностаївський р-н;3085.10;;26944.60;11725.10;
09304200000;Городенківський р-н;18766.50;;63155.70;32792.90;
23301200000;Городищенський р-н;8700.70;;38022.10;25459.30;
25305200000;Городнянський р-н;6795.00;;30608.20;17827.60;
13303200000;Городоцький р-н (Львівська обл.);17638.70;;80987.60;40969.00;
22304200000;Городоцький р-н (Хмельницька обл.);11633.00;;47613.90;25190.40;
03302200000;Горохівський р-н;17221.10;;78096.20;31328.50;
17303200000;Гощанський р-н;4867.40;;41331.30;16792.60;
16304200000;Гребінківський р-н;;1224.70;24709.00;13823.50;
08306200000;Гуляйпільський р-н;183.00;;30971.10;16706.10;
19304200000;Гусятинський р-н;15231.40;;61318.20;27873.00;
20309200000;Дворічанський р-н;1209.00;;21589.50;10988.70;
17304200000;Демидiвський р-н;4691.90;;20856.30;8739.90;
22305200000;Деражнянський  р-н;9147.00;;35752.40;19791.50;
20310200000;Дергачівський р-н;9567.00;;75222.00;57340.80;
16305200000;Диканський р-н;;1321.90;22281.10;11540.70;
04304200000;Днiпропетровський р-н;12696.00;;48887.50;31501.70;
05306200000;Добpопільський р-н;1528.60;;13862.90;8091.80;
11305200000;Добровеличківський р-н;;3479.90;40420.00;20998.40;
09305200000;Долинський р-н (Івано-Франківська обл.);;1543.20;122345.10;51700.80;
11306200000;Долинський р-н (Кіровоградська обл.);1132.90;;36360.70;20939.40;
14309200000;Доманівський р-н;5925.20;;28612.10;15237.90;
23302200000;Драбiвський р-н;3784.30;;39591.10;22048.20;
13304200000;Дрогобицький р-н;32774.90;;79128.70;45375.90;
17305200000;Дубенський р-н;13936.80;;67302.70;27353.70;
17306200000;Дубровицький р-н;14444.30;;63236.70;24492.90;
22306200000;Дунаєвецький  р-н;2029.30;;7068.00;4129.50;
14310200000;Єланецький р-н;2800.70;;18932.10;9271.70;
06307200000;Ємільчинський р-н;10821.80;;50649.60;20373.00;
23303200000;Жашкiвський р-н;;;51528.10;23118.40;
13305200000;Жидачівський р-н;15977.90;;64585.00;36319.10;
06308200000;Житомирський р-н;6902.00;;57020.30;38315.00;
02305200000;Жмеринський р-н;12190.00;;43466.10;21447.10;
13306200000;Жовківський р-н;33433.90;;148855.50;64058.20;
14311200000;Жовтневий р-н;;2522.40;59800.70;30195.30;
19305200000;Заліщицький р-н;16538.50;;58612.70;28853.60;
08307200000;Запорізький р-н;15925.40;;55884.70;35206.10;
17307200000;Зарiчненський р-н;14307.00;;64311.90;20520.60;
24304200000;Заставнівський р-н;19286.10;;64853.80;30114.00;
20311200000;Зачепилівський р-н;1010.80;;19592.10;9346.20;
19306200000;Збаразький р-н;18772.30;;69291.20;33183.10;
19307200000;Зборівський р-н;10650.60;;45739.90;21619.10;
23304200000;Звенигородський р-н;6998.10;;49900.40;27701.50;
10310200000;Згурiвський р-н;;585.70;22192.80;10478.40;
17308200000;Здолбунiвський р-н;7320.90;;65535.50;34080.50;
16306200000;Зінківський р-н;;;36199.60;21592.40;
20312200000;Зміївський р-н;4687.60;;64698.30;44415.40;
11307200000;Знам'янський р-н;;1020.90;31239.10;14178.70;
23305200000;Золотонiський р-н;1015.90;;57298.60;25939.40;
13307200000;Золочівський р-н (Львівська обл.);16251.50;;86661.40;41160.10;
20313200000;Золочівський р-н (Харківська обл.);4407.00;;31453.50;16474.40;
03303200000;Іваничівський р-н;3304.90;;49235.80;19322.10;
15309200000;Іванівський р-н (Одеська обл.);6390.40;;35550.90;15754.20;
21310200000;Іванівський р-н (Херсонська обл.);2857.80;;17208.10;8384.40;
10311200000;Iванкiвський р-н;;4237.80;37510.90;18325.80;
15310200000;Ізмаїльський р-н;18113.80;;65142.70;30365.80;
20314200000;Ізюмський р-н;91.00;;27955.40;10750.90;
22307200000;Iзяславський р-н;8232.00;;56740.70;27221.70;
02306200000;Іллінецький р-н;;;49279.90;22956.90;
07305200000;Іршавський р-н;41372.20;;144917.70;58405.60;
25306200000;Ічнянський р-н;;;26143.80;16344.00;
10312200000;Кагарлицький р-н;323.10;;37437.90;20712.50;
14312200000;Казанківський р-н;1219.90;;24057.00;11948.10;
21311200000;Каланчацький р-н;4722.50;;29365.00;13008.10;
02307200000;Калинівський р-н;9489.50;;50025.10;23086.40;
09306200000;Калуський р-н;21056.10;;53458.70;29323.50;
22308200000;Кам'янець-Подiльський р-н;13333.10;;45189.80;27768.20;
08308200000;Кам'янсько-Дніпровський р-н;12951.50;;42587.00;24775.70;
03304200000;Камінь-Каширський р-н;26496.80;;108780.40;36707.90;
13308200000;Кам'янка-Бузький р-н;2840.50;;69752.00;33827.30;
23306200000;Кам'янський р-н;4306.30;;30870.30;17447.60;
23307200000;Канiвський р-н;;5130.80;24632.30;12246.60;
16307200000;Карлівський р-н;1401.80;;41262.40;20869.70;
23308200000;Катеринопiльський р-н;1429.80;;16307.00;9004.80;
21312200000;Каховський р-н;6590.00;;41916.90;21202.90;
20315200000;Кегичівський р-н;;411.30;25235.50;12572.20;
24305200000;Кельменецький р-н;14830.70;;41932.60;25386.30;
10313200000;Києво-Святошинський р-н;;86422.00;178744.90;95638.50;
03305200000;Ківерцівський р-н;19980.40;;91958.70;37412.80;
15311200000;Кілійський р-н;15085.80;;59383.40;31159.80;
11308200000;Кіровоградський р-н;;3399.20;47639.40;22526.00;
24306200000;Кіцманський р-н;25089.00;;80463.90;41391.50;
16308200000;Кобеляцький р-н;3004.50;;42934.80;26369.80;
03306200000;Ковельський р-н;8894.40;;50823.90;16938.20;
15312200000;Кодимський р-н;9008.30;;32215.30;17950.80;
25307200000;Козелецький р-н;6279.00;;31491.60;21119.80;
16309200000;Козельщинський р-н;1776.80;;19880.00;12189.40;
19308200000;Козівський р-н;11840.00;;36400.20;20342.70;
02308200000;Козятинський р-н;7982.30;;60706.40;24821.40;
20316200000;Коломацький р-н;;;7504.90;4491.10;
09307200000;Коломийський р-н;35178.90;;101665.60;48668.30;
15313200000;Комінтернівський р-н;;8644.00;62864.10;35101.00;
11309200000;Компаніївський р-н;1112.20;;21971.30;9300.60;
18305200000;Конотопський р-н;6057.30;;26452.60;18744.60;
17309200000;Корецький р-н;11789.10;;55623.90;20262.30;
25308200000;Коропський р-н;6820.10;;24800.90;15090.80;
06309200000;Коростенський р-н;295.00;;44057.90;16939.50;
06310200000;Коростишівський р-н;9616.50;;47704.80;24365.90;
23309200000;Корсунь-Шевченкiвський р-н;;;39388.20;26961.20;
25309200000;Корюківський р-н;;;30433.90;16639.90;
09308200000;Косівський р-н;34644.70;;137741.90;62128.00;
17310200000;Костопiльський р-н;17576.50;;82679.80;38221.00;
05307200000;Костянтинівський р-н;;648.40;34249.10;11328.00;
16326200000;Котелевський р-н;35.80;;21198.90;11858.70;
15314200000;Котовський р-н;8876.20;;35512.70;16430.10;
22309200000;Красилiвський  р-н;3271.30;;68880.80;32272.10;
05308200000;Кpасноаpмійський р-н;;411.40;28029.10;19314.90;
20317200000;Красноградський р-н;;9424.70;46002.20;27188.10;
20318200000;Краснокутський р-н;3160.70;;31075.20;17390.20;
15315200000;Красноокнянський р-н;4598.50;;32910.10;11867.60;
18306200000;Краснопільський р-н;5478.20;;34050.60;17561.50;
19309200000;Кременецький р-н;14702.00;;64039.90;21057.30;
16310200000;Кременчуцький р-н;7573.50;;13901.00;11182.50;
12305200000;Кремінський р-н;8510.20;;40646.50;25103.20;
14313200000;Кривоозерський р-н;4528.80;;34044.70;15017.00;
04305200000;Криворiзький р-н;2683.90;;43305.00;27067.70;
02309200000;Крижопільський р-н;1076.70;;41540.70;20719.50;
04306200000;Криничанський р-н;3588.80;;42538.60;21610.00;
18307200000;Кролевецький р-н;10595.60;;35645.60;23926.00;
08309200000;Куйбишевський р-н;487.00;;9686.00;7817.80;
25310200000;Куликівський р-н;3960.60;;17474.90;11140.90;
20319200000;Куп'янський р-н;7022.00;;29884.30;15461.40;
19310200000;Лановецький р-н;8509.00;;38950.00;18004.40;
18308200000;Лебединський р-н;1903.10;;21712.30;12690.70;
22310200000;Летичiвський р-н;;;23.30;;
02310200000;Липовецький р-н;7996.50;;43586.30;23692.60;
18309200000;Липоводолинський р-н;1541.30;;20582.60;11672.00;
23310200000;Лисянський р-н;2431.10;;29335.60;14644.30;
02311200000;Літинський р-н;9192.80;;50816.30;22253.60;
20320200000;Лозівський р-н;2114.20;;32545.40;17916.70;
03307200000;Локачинський р-н;6233.80;;35696.80;13373.40;
16311200000;Лохвицький р-н;;;45858.60;26651.70;
16312200000;Лубенський р-н;5841.10;;37970.90;20089.10;
06311200000;Лугинський р-н;4868.10;;21425.90;10249.50;
03308200000;Луцький р-н;;2427.50;85353.30;35380.90;
06312200000;Любарський р-н;4008.30;;42138.20;16469.00;
15316200000;Любашівський р-н;7907.10;;39082.60;18454.70;
03309200000;Любешівський р-н;14113.90;;66818.20;20910.40;
03310200000;Любомльський р-н;11766.20;;67105.20;23307.30;
05309200000;Маp'їнський р-н;8655.40;;76554.70;50152.90;
04307200000;Магдалинiвський р-н;;;47541.70;20513.70;
10314200000;Макарiвський р-н;;1448.00;55135.70;22729.90;
06313200000;Малинський р-н;2053.60;;26458.50;11681.70;
11310200000;Маловисківський р-н;;;31530.00;18275.10;
03311200000;Маневицький р-н;17740.50;;92265.20;31865.70;
23311200000;Манькiвський р-н;2464.60;;34089.40;17186.80;
12307200000;Марківський р-н;1561.70;;22624.90;9261.40;
16313200000;Машівський р-н;;6091.70;23834.10;11964.10;
04308200000;Межiвський р-н;1971.20;;28299.30;14773.90;
08310200000;Мелітопольський р-н;13467.90;;61992.40;29751.60;
25311200000;Менський р-н;8882.80;;38872.20;23009.40;
13309200000;Миколаївський р-н (Львівська обл.);14717.80;;66791.40;32635.90;
14314200000;Миколаївський р-н (Миколаївська обл.);1382.50;;41260.10;18444.30;
15317200000;Миколаївський р-н (Одеська обл.);3494.20;;26308.90;9694.10;
16314200000;Миргородський р-н;731.50;;34818.50;20162.80;
10315200000;Миронiвський р-н;;8433.00;43291.30;21242.50;
08311200000;Михайлівський р-н;6351.80;;26695.10;17745.10;
07306200000;Міжгірський р-н;16123.90;;88518.30;34192.10;
12308200000;Міловський р-н;3924.40;;17124.10;9390.60;
17311200000;Млинiвський р-н;9285.10;;59506.40;21223.60;
02312200000;Могилів-Подільський р-н;12487.00;;34272.40;20845.00;
23312200000;Монастирищенський р-н;6594.30;;44011.90;22170.90;
19311200000;Монастириський р-н;8612.40;;30142.00;14689.90;
13310200000;Мостиський р-н;16994.20;;74459.90;33786.60;
07307200000;Мукачівський р-н;40325.50;;134831.90;58963.40;
02313200000;Мурованокуриловецький р-н;6114.00;;29453.00;16278.10;
04309200000;Нiкопольський р-н;6277.30;;43647.40;24921.90;
09309200000;Надвірнянський р-н;27072.50;;157178.90;79576.70;
18310200000;Недригайлівський р-н;3006.10;;20958.50;15424.10;
02314200000;Немирівський р-н;6110.60;;53293.90;30751.60;
21313200000;Нижньосірогозький р-н;3232.40;;18868.70;9654.70;
25312200000;Ніжинський р-н;7443.20;;22827.50;15564.40;
11311200000;Новгородківський р-н;;;19348.70;9524.80;
25313200000;Новгород-Сіверський р-н;4393.30;;16838.40;8698.70;
12309200000;Новоайдарський р-н;804.10;;34584.90;26348.30;
11312200000;Новоархангельський р-н;2286.70;;32835.50;15312.00;
14315200000;Новобузький р-н;6766.60;;35103.40;18500.50;
20321200000;Нововодолазький р-н;4053.20;;38363.50;20282.40;
21314200000;Нововоронцовський р-н;6151.30;;24146.90;12886.20;
06315200000;Новоград-Волинський р-н;8572.00;;70624.40;27670.30;
08312200000;Новомиколаївський р-н;364.70;;15708.10;9879.30;
11313200000;Новомиргородський р-н;;;30452.00;17567.20;
04310200000;Новомосковський р-н;;4656.80;78567.80;44111.70;
14316200000;Новоодеський р-н;6145.60;;41331.50;20210.00;
12310200000;Новопсковський р-н;5550.70;;45315.60;13623.90;
16315200000;Новосанжарський р-н;;977.50;41393.90;21364.60;
24307200000;Новоселицький р-н;26213.10;;77254.30;39618.30;
21315200000;Новотроїцький р-н;5727.20;;41899.60;21636.70;
11314200000;Новоукраїнський р-н;3023.00;;49134.30;25630.90;
22311200000;Новоушицький  р-н;1066.00;;3185.60;1694.30;
25314200000;Носівський р-н;3447.20;;33106.50;17474.00;
10316200000;Обухiвський р-н;;6106.10;47632.80;22107.60;
15318200000;Овідіопольський р-н;;;79331.00;45252.30;
06316200000;Овруцький р-н;10200.10;;72246.20;35163.50;
06317200000;Олевський р-н;13186.90;;58485.10;24494.20;
05311200000;Олександрівський р-н (Донецька обл.);3893.50;;24128.50;11454.30;
11315200000;Олександрівський р-н (Кіровоградська обл.);49.90;;34573.90;17400.80;
11316200000;Олександрійський р-н;841.30;;44354.80;22011.70;
11317200000;Онуфріївський р-н;3835.10;;19615.90;11293.30;
02315200000;Оратівський р-н;3678.90;;29196.60;13538.10;
16317200000;Оржицький р-н;;;31386.10;14907.90;
08313200000;Оріхівський р-н;8760.80;;39549.00;24820.40;
17312200000;Острозький р-н;11424.30;;51640.10;17251.00;
18311200000;Охтирський р-н;786.50;;30508.80;16561.10;
14317200000;Очаківський р-н;2972.10;;16332.20;7301.40;
04311200000;Павлоградський р-н;;3672.20;15620.30;8191.60;
05312200000;Пеpшотравневий р-н;1116.30;;25210.10;16626.00;
14318200000;Первомайський р-н (Миколаївська обл.);3657.70;;36719.00;18548.10;
20322200000;Первомайський р-н (Харківська обл.);;;15844.10;10064.90;
13311200000;Перемишлянський р-н;9514.70;;51429.70;23814.20;
07308200000;Перечинський р-н;7986.60;;43292.80;18675.80;
10317200000;Переяслав-Хмельницький р-н;;56.20;37670.50;17508.20;
04312200000;Петрикiвський р-н;;;22776.00;15711.10;
11318200000;Петрівський р-н;;;27683.80;14794.00;
04313200000;Петропавлiвський р-н;;1103.00;32391.20;16656.90;
20323200000;Печенізький р-н;1361.50;;8082.00;6344.00;
16318200000;Пирятинський р-н;1786.40;;16037.40;8884.90;
19312200000;Підволочиський р-н;268.30;;1352.90;597.50;
19313200000;Підгаєцький р-н;6793.20;;25237.20;11511.20;
02316200000;Піщанський р-н;2448.40;;20056.00;10770.70;
02317200000;Погребищенський р-н;6049.80;;34617.00;19072.90;
04314200000;Покровський р-н;5438.40;;37672.30;21421.30;
10318200000;Полiський р-н;1138.10;;12271.20;3465.80;
08314200000;Пологівський р-н;;1596.70;37637.60;21181.00;
22312200000;Полонський р-н;994.90;;5623.70;2138.70;
16319200000;Полтавський р-н;8257.40;;56463.30;40264.40;
12312200000;Попаснянський р-н;3203.70;;50467.80;48889.60;
06318200000;Попільнянський р-н;914.00;;46701.50;19779.80;
08315200000;Приазовський р-н;5641.00;;38153.10;16930.40;
25315200000;Прилуцький р-н;4341.50;;34887.90;22775.40;
08316200000;Приморський р-н;3945.30;;34939.10;18567.30;
13312200000;Пустомитівський р-н;22504.40;;124401.60;68461.40;
18312200000;Путивльський р-н;7005.10;;20709.70;17067.10;
24308200000;Путильський р-н;7114.20;;50369.60;16404.50;
04315200000;П'ятихатський р-н;3663.70;;51392.90;27321.50;
13313200000;Радехівський р-н;6312.20;;61121.90;28572.00;
17313200000;Радивилiвський р-н;7758.70;;49352.50;22285.40;
06319200000;Радомишльський р-н;3095.70;;33807.40;19153.80;
03312200000;Ратнівський р-н;20086.80;;85639.00;30260.20;
07309200000;Рахівський р-н;33461.60;;148195.30;61975.50;
15319200000;Ренійський р-н;7572.90;;39673.00;22177.70;
16320200000;Решетилівський р-н;;;32476.70;15975.80;
17314200000;Рiвненський р-н;12909.30;;117085.10;53145.40;
25316200000;Ріпкинський р-н;5122.10;;24107.50;17833.00;
09310200000;Рогатинський р-н;12652.40;;49152.70;25697.60;
03313200000;Рожищенський р-н;13440.80;;60459.80;23302.40;
09311200000;Рожнятівський р-н;25555.40;;104449.90;50385.50;
15320200000;Роздільнянський р-н;14593.10;;67637.70;34232.20;
08317200000;Розівський р-н;467.70;;10821.50;5597.50;
17315200000;Рокитнiвський р-н;19076.90;;111824.00;31728.50;
10319200000;Рокитнянський р-н;;;35585.70;17202.50;
06306200000;Романівський р-н;6597.30;;36782.40;17353.40;
18313200000;Роменський р-н;4712.00;;42916.60;20965.00;
06320200000;Ружинський р-н;3798.10;;37402.60;17143.50;
15321200000;Савранський р-н;5212.10;;24547.80;11470.00;
13314200000;Самбірський р-н;14558.80;;49851.40;19678.40;
15322200000;Саратський р-н;10920.80;;67925.50;26742.50;
17316200000;Сарненський р-н;27601.00;;155278.50;52612.10;
20324200000;Сахновщинський р-н;2404.00;;28443.40;13089.30;
07310200000;Свалявський р-н;11034.30;;66126.10;31897.10;
12313200000;Сватівський р-н;1867.70;;38243.40;22277.00;
11319200000;Світловодський р-н;1608.40;;17979.50;7802.70;
16321200000;Семенівський р-н (Полтавська обл.);1255.90;;22059.20;11270.10;
25317200000;Семенівський р-н (Чернігівська обл.);3056.00;;20313.40;11227.10;
18314200000;Середино-Будський р-н;3796.60;;15903.40;10093.50;
04316200000;Синельникiвський р-н;6739.80;;48528.30;23209.00;
21316200000;Скадовський р-н;13785.80;;48726.70;28710.90;
10320200000;Сквирський р-н;;;43802.70;23187.30;
13315200000;Сколівський р-н;12009.70;;77907.90;33675.40;
22313200000;Славутський р-н;1133.00;;22119.80;8918.00;
05313200000;Слов'янський р-н;6536.40;;24079.70;14544.50;
23313200000;Смiлянський р-н;8543.80;;34752.70;20202.20;
14319200000;Снігурівський р-н;7605.20;;54807.70;24408.80;
09312200000;Снятинський р-н;24825.00;;93150.60;38917.10;
13316200000;Сокальський р-н;1411.50;;100474.60;55110.60;
24309200000;Сокирянський р-н;10406.70;;33159.30;16611.90;
04317200000;Солонянський р-н;4112.50;;23713.40;9733.90;
25318200000;Сосницький р-н;4600.10;;19147.60;11920.60;
04318200000;Софiївський р-н;1540.10;;24678.30;11686.30;
25319200000;Срібнянський р-н;1295.10;;11748.40;7076.20;
10321200000;Ставищенський р-н;589.10;;34254.30;13976.60;
12315200000;Станично-Луганський р-н;15011.80;;44509.30;30654.90;
12316200000;Старобільський р-н;4643.70;;55406.60;27451.20;
03314200000;Старовижівський р-н;12370.40;;52387.50;18060.70;
22314200000;Старокостянтинiвський р-н;5533.70;;47434.20;18340.40;
13317200000;Старосамбірський р-н;26107.30;;113529.40;46759.60;
24310200000;Сторожинецький р-н;34144.70;;134421.40;49726.10;
13318200000;Стрийський р-н;;1792.00;69309.60;34521.70;
18315200000;Сумський р-н;12003.30;;57452.70;37607.10;
25320200000;Талалаївський р-н;567.70;;15374.20;8279.20;
23314200000;Тальнiвський р-н;777.70;;38585.40;21375.70;
10322200000;Таращанський р-н;4018.00;;37568.40;17678.50;
15323200000;Тарутинський р-н;12281.10;;54624.80;24447.10;
15324200000;Татарбунарський р-н;10681.20;;42667.80;21342.50;
22316200000;Теофiпольський р-н;4251.50;;41549.10;16584.70;
02318200000;Теплицький р-н;4784.00;;34871.90;17792.50;
19314200000;Теребовлянський р-н;5685.60;;18471.20;9047.20;
19315200000;Тернопільський р-н;11900.60;;40383.50;29554.10;
10323200000;Тетiївський р-н;3826.60;;44151.50;19449.50;
02319200000;Тиврівський р-н;7450.40;;65024.00;26022.60;
09313200000;Тисменицький р-н;25554.70;;89644.20;48959.90;
09314200000;Тлумацький р-н;18519.90;;56323.50;28963.60;
08318200000;Токмацький р-н;1122.60;;25175.80;13932.30;
04319200000;Томакiвський р-н;3524.50;;28745.50;15532.40;
02320200000;Томашпільський р-н;4237.00;;41061.70;20743.10;
12317200000;Троїцький р-н;319.60;;29799.50;12458.30;
02321200000;Тростянецький р-н (Вінницька обл.);3840.80;;42836.10;22261.60;
18316200000;Тростянецький р-н (Сумська обл.);;;31924.90;21924.80;
02322200000;Тульчинський р-н;9341.20;;57712.80;34546.30;
03315200000;Турійський р-н;8464.00;;39113.00;15761.70;
13319200000;Турківський р-н;18644.00;;88104.40;37205.20;
07311200000;Тячівський р-н;63615.10;;210500.70;85745.90;
07312200000;Ужгородський р-н;5887.80;;84865.00;41207.60;
11320200000;Ульяновський р-н;5826.60;;31715.20;14092.70;
23315200000;Уманський р-н;;;56801.00;26677.90;
11321200000;Устинівський р-н;;;15522.60;8029.70;
10324200000;Фастiвський р-н;8554.90;;43755.90;18272.00;
15325200000;Фрунзівський р-н;6646.60;;28349.30;11730.80;
20325200000;Харківський р-н;31926.20;;135050.50;109196.90;
22317200000;Хмельницький р-н;4480.70;;23677.60;12349.80;
02323200000;Хмільницький р-н;7911.10;;53314.20;23025.10;
16322200000;Хорольський р-н;;;30760.80;18088.30;
24311200000;Хотинський р-н;14943.60;;48388.90;25262.60;
23316200000;Христинiвський р-н;;;41290.60;21469.70;
07313200000;Хустський р-н;43302.50;;136871.10;56128.30;
04320200000;Царичанський р-н;3729.10;;21161.10;12968.90;
21317200000;Цюрупинський р-н;23060.50;;79155.70;42815.90;
21318200000;Чаплинський р-н;6765.60;;44154.80;20860.20;
22318200000;Чемеровецький р-н;8112.30;;45525.50;25854.90;
06321200000;Червоноармійський р-н;8055.20;;33277.40;13737.30;
23317200000;Черкаський р-н;10484.60;;68054.60;40796.30;
02324200000;Чернівецький р-н;6149.30;;25113.20;13679.70;
08319200000;Чернігівський р-н (Запорізька обл.);1639.80;;23593.20;10568.80;
25321200000;Чернігівський р-н (Чернігівська обл.);2258.10;;56873.70;32325.50;
06322200000;Черняхівський р-н;6896.50;;35672.40;15991.30;
02325200000;Чечельницький р-н;5515.30;;25324.50;13413.40;
23318200000;Чигиринський р-н;2370.30;;30940.20;17124.50;
23319200000;Чорнобаївський р-н;;;53320.80;25521.50;
16323200000;Чорнухинський р-н;1072.10;;13394.40;7184.30;
19316200000;Чортківський р-н;11632.70;;42330.10;19723.70;
20326200000;Чугуївський р-н;3792.60;;45764.80;28402.10;
06323200000;Чуднівський р-н;5412.60;;44213.90;21970.20;
16324200000;Чутівський р-н;1990.00;;26522.30;14034.50;
02326200000;Шаргородський р-н;18402.00;;79172.70;34662.30;
03316200000;Шацький р-н;5460.70;;24134.40;9994.00;
20327200000;Шевченківський р-н;1343.80;;21102.70;12475.40;
22319200000;Шепетiвський р-н;6406.00;;51748.00;20253.30;
04321200000;Широкiвський р-н;3718.30;;31212.00;16717.40;
15326200000;Ширяївський р-н;6886.90;;42407.80;15940.90;
16325200000;Шишацький р-н;;1618.20;6047.50;3249.10;
18317200000;Шосткинський р-н;5865.00;;17387.50;13002.30;
23320200000;Шполянський р-н;;;48516.90;27164.50;
19317200000;Шумський р-н;4617.10;;20332.30;7481.00;
25322200000;Щорський р-н;4277.70;;24571.80;14878.80;
04322200000;Юр'ївський р-н;;;20336.10;8085.00;
13320200000;Яворівський р-н;20003.40;;162036.90;72459.80;
10325200000;Яготинський р-н;;;37364.40;20227.00;
08320200000;Якимівський р-н;8512.00;;40790.10;20430.70;
02327200000;Ямпільський р-н (Вінницька обл.);10006.10;;41869.50;25377.20;
18318200000;Ямпільський р-н (Сумська обл.);4079.70;;20370.90;14764.20;
22320200000;Ярмолинецький р-н;5096.10;;38587.90;19200.50;
05317200000;Ясинуватcький р-н;;;14508.40;16661.90;
04501000000;отг м. Апостолове ;395.80;;26282.40;14460.90;
15501000000;отг м. Балта;7092.40;;34101.00;19735.60;
15502000000;отг м. Біляївка ;;636.00;16551.90;7968.40;
11501000000;отг м. Бобринець ;695.50;;9982.40;7139.60;
22503000000;отг м. Волочиськ  ;;;37467.30;20380.40;
16502000000;отг м. Глобине;;8089.90;17489.50;9577.90;
22507000000;отг м. Дунаївці;8574.70;;45737.40;23523.20;
04506000000;отг м. Зеленодольськ;;1928.20;20008.70;12301.50;
02501000000;отг м. Калинівка ;;;21009.30;12381.80;
05501000000;отг м. Красний Лиман ;;829.00;49944.90;30483.50;
11502000000;отг м. Мала Виска;;;10949.70;8442.40;
13511000000;отг м. Новий Калинів;;258.80;6636.00;4354.50;
16506000000;отг м. Пирятин;1421.30;;17028.20;10570.80;
22517000000;отг м. Полонне;9266.60;;40628.10;19985.20;
19521000000;отг м. Почаїв;3616.80;;10190.70;5608.50;
19523000000;отг м. Скалат;4453.10;;18699.60;8729.50;
24509000000;отг м. Сокиряни;895.10;;10040.70;6936.10;
19525000000;отг м. Теребовля;7073.40;;31458.60;18369.50;
07502000000;отг м. Тячів;596.40;;26809.20;11332.60;
03505000000;отг м. Устилуг ;1840.90;;8382.50;4545.40;
19526000000;отг м. Шумськ  ;6887.20;;32766.20;12740.70;
12501000000;отг смт Білокуракине;246.30;;18488.30;8053.70;
15503000000;отг смт Велика Михайлівка;2612.30;;16150.00;7487.80;
08502000000;отг смт Веселе;2182.40;;11992.10;7749.80;
22502000000;отг смт Війтівці;2432.10;;7981.10;4813.40;
24504000000;отг смт Глибока;861.60;;11955.30;6326.50;
13505000000;отг смт Гніздичів;1864.60;;7829.40;3932.60;
03502000000;отг смт Голоби ;3152.00;;9126.20;4515.30;
19505000000;отг смт Гусятин;;736.80;7411.50;5040.00;
25502000000;отг смт Десна;;1717.40;9014.00;5984.20;
13507000000;отг смт Дубляни;1285.50;;1836.10;1791.70;
22508000000;отг смт Дунаївці;3188.80;;14498.00;6670.40;
23502000000;отг смт Єрки;;917.10;3890.20;3310.70;
19506000000;отг смт Заводське;37.10;;4450.60;2720.20;
19508000000;отг смт Золотий Потік;5101.20;;15062.20;6423.30;
06504000000;отг смт Іршанськ ;;2730.70;7819.80;4519.20;
10501000000;отг смт Калита;;;11610.20;6303.10;
17503000000;отг смт Клесів;;;16135.60;5942.50;
19510000000;отг смт Козлів;1426.90;;3980.20;2798.70;
08503000000;отг смт Комиш-Зоря;647.20;;7407.70;4017.70;
19513000000;отг смт Коропець   ;2197.60;;3852.50;2998.60;
22511000000;отг смт Летичів;4620.80;;21528.70;12496.00;
22514000000;отг смт Меджибіж;1468.20;;10446.30;5201.30;
19515000000;отг смт Мельниця-Подільська   ;7272.80;;20028.60;9800.60;
19516000000;отг смт Микулинці;2326.60;;8343.50;4783.00;
22515000000;отг смт Наркевичі;1031.10;;5324.10;3978.90;
06505000000;отг смт Народичі ;1774.60;;13558.00;5838.50;
06506000000;отг смт Нова Борова;2886.10;;8643.30;5210.70;
22516000000;отг смт Нова Ушиця;7613.20;;29070.20;16662.20;
13513000000;отг смт Нові Стрілища;1156.30;;2880.70;1669.30;
04512000000;отг смт Новопокровка ;1566.70;;4444.40;2620.50;
12502000000;отг смт Новопсков;;;;7412.20;
25505000000;отг смт Парафіївка  ;429.30;;6001.00;3688.30;
09502000000;отг смт Печеніжин;8115.10;;22758.30;11129.60;
19520000000;отг смт Підволочиськ  ;4215.30;;23290.70;11971.60;
22518000000;отг смт Понінка;2740.20;;7673.20;5093.60;
22520000000;отг смт Сатанів;2654.40;;7557.10;4973.90;
16510000000;отг смт Семенівка  ;379.30;;6732.50;4557.50;
19522000000;отг смт Скала-Подільська   ;3897.50;;9025.20;5841.90;
04513000000;отг смт Солоне;;;16359.70;8548.70;
22521000000;отг смт Стара Синява;4821.00;;23825.00;12756.50;
06509000000;отг смт Червоне;1446.60;;5859.70;3434.70;
05503000000;отг смт Черкаське;3482.30;;10748.00;5761.40;
22522000000;отг смт Чорний Острів;2917.60;;13468.10;7624.00;
16512000000;отг смт Шишаки;;2093.90;18669.20;9257.10;
04515000000;отг смт Ювілейне;;10542.50;13224.30;8664.60;
04504000000;отг с-ще Єлізарове;936.10;;6829.90;2624.80;
17501000000;отг с. Бабин;1306.90;;7384.10;2004.40;
13501000000;отг с. Бабина;1925.40;;5399.30;2457.30;
19501000000;отг с. Байківці;;4584.80;4622.60;3329.30;
18501000000;отг с. Береза;1217.30;;6406.10;3488.80;
22501000000;отг с. Берездів;2656.60;;16258.60;5578.00;
08501000000;отг с. Берестове;815.50;;5022.20;2926.90;
19502000000;отг с. Білобожниця;1570.30;;4971.70;2367.90;
23501000000;отг с. Білозір'я;2343.40;;7799.60;5452.60;
16501000000;отг с. Білоцерківка ;;951.50;5851.90;2367.10;
13502000000;отг с. Бісковичі;2351.10;;8326.00;3308.00;
04502000000;отг с. Богданівка;;9477.00;7326.90;4313.40;
17502000000;отг с. Бугрин;1776.70;;7873.20;2604.90;
19503000000;отг с. Васильківці;;1008.50;10495.20;3797.30;
24501000000;отг с. Вашківці;1910.20;;7471.40;3002.80;
24502000000;отг с. Великий Кучурів;6932.60;;16582.80;7870.90;
19504000000;отг с. Великі Гаї;2699.60;;12295.80;6634.30;
03501000000;отг с. Велицьк ;1711.40;;7922.10;2366.80;
04503000000;отг с. Вербки ;;12404.50;9407.40;4742.40;
25501000000;отг с. Вертіївка  ;523.60;;4417.40;2620.20;
09501000000;отг с. Верхня;5074.60;;12765.30;6424.70;
06501000000;отг с. Високе;843.70;;4075.10;1544.80;
06502000000;отг с. Вишевичі;780.60;;5232.50;1840.50;
07501000000;отг с. Вільхівці;5867.80;;23635.90;7350.20;
13503000000;отг с. Вільшаник;1396.20;;3663.40;1704.50;
24503000000;отг с. Волока;2812.50;;6596.70;3599.00;
13504000000;отг с. Воля-Баранецька;2533.20;;6114.60;3134.70;
22504000000;отг с. Ганнопіль;2329.80;;11296.30;4066.20;
22505000000;отг с. Гвардійське;2346.70;;8514.70;4634.30;
13506000000;отг с. Грабовець ;1829.80;;3290.40;2451.70;
22506000000;отг с. Гуменці;;2783.60;14458.60;7778.00;
06503000000;отг с. Дубрівка ;1467.50;;8313.30;2491.50;
04505000000;отг с. Жовтневе ;788.00;;4922.80;1945.50;
13508000000;отг с. Заболотці;963.00;;3397.00;1568.00;
03503000000;отг с. Зимне ;2273.50;;8059.50;3233.30;
19507000000;отг с. Золотники;2635.80;;10986.60;4909.20;
19509000000;отг с. Іванівка ;1108.20;;5623.70;2682.00;
22509000000;отг с. Китайгород;1904.80;;4450.00;2779.40;
25503000000;отг с. Кіпті;1023.10;;4287.00;2252.50;
16503000000;отг с. Клепачі;12.70;;4238.10;1748.10;
24505000000;отг с. Клішківці;3212.30;;9718.90;4350.70;
22510000000;отг с. Колибаївка  ;1987.20;;4590.80;2993.10;
19511000000;отг с. Колиндяни;2043.30;;6259.40;2862.20;
19512000000;отг с. Колодне;945.50;;4254.40;1698.00;
21501000000;отг с. Кочубеївка  ;773.60;;4140.30;1893.80;
15504000000;отг с. Красносілка ;1556.10;;10907.30;6409.10;
14501000000;отг с. Куцуруб;;138.90;4822.40;2051.60;
04507000000;отг с. Ленінське ;2504.90;;7873.00;4061.10;
22512000000;отг с. Лісові Гринівці;1815.60;;7409.70;4685.90;
19514000000;отг с. Лопушне;1052.60;;4063.10;1374.40;
13509000000;отг с. Луки;1729.40;;4875.70;2162.50;
04508000000;отг с. Ляшківка;639.80;;2930.70;1358.00;
22513000000;отг с. Маків;2879.90;;9780.30;4471.10;
25504000000;отг с. Макіївка  ;269.60;;2070.00;1012.70;
24506000000;отг с. Мамалига;4512.60;;12555.70;7315.70;
15505000000;отг с. Маразліївка ;1903.00;;8126.10;3541.30;
17504000000;отг с. Миляч;2611.50;;15982.50;3766.70;
13510000000;отг с. Міженець;1110.80;;2983.00;1442.00;
04509000000;отг с. Могилів;;2.00;4125.60;2315.50;
23503000000;отг с. Мокра Калигірка;972.70;;5973.00;2598.10;
24507000000;отг с. Недобоївці;3441.50;;7699.30;4316.90;
16504000000;отг с. Недогарки;786.40;;3410.30;2217.10;
04510000000;отг с. Нива Трудова;2042.70;;6445.60;3288.50;
13512000000;отг с. Нове Місто;3078.10;;7041.80;3593.50;
19517000000;отг с. Нове Село;1268.30;;4825.00;2107.90;
04511000000;отг с. Новоолександрівка ;;;7686.50;6723.40;
19518000000;отг с. Озерна;3155.50;;9992.20;3832.50;
19519000000;отг с. Озеряни;1034.00;;3143.90;1599.00;
05502000000;отг с. Октябрське ;;822.40;2944.10;1888.80;
16505000000;отг с. Омельник;;;4409.40;3161.50;
17505000000;отг с. Підлозці;627.90;;4922.80;1122.00;
16507000000;отг с. Піщане;;;6647.50;4064.20;
16508000000;отг с. Покровська Багачка;;;2559.20;1639.60;
06507000000;отг с. Потіївка ;1349.30;;4466.30;2286.30;
08504000000;отг с. Преображенка ;1768.90;;5182.10;3520.20;
16509000000;отг с. Пришиб;743.40;;1505.30;1233.10;
15506000000;отг с. Розквіт;1080.30;;7726.40;2536.70;
22519000000;отг с. Розсоша;;127.50;6145.30;3032.60;
24508000000;отг с. Рукшин;3305.00;;9354.40;4147.90;
19524000000;отг с. Скорики;492.90;;4939.10;2451.60;
08505000000;отг с. Смирнове;;144.70;4103.00;2153.30;
03504000000;отг с. Смолигів;85.20;;2784.20;1090.60;
09503000000;отг с. Старі Богородчани;2935.70;;5925.90;3597.90;
02502000000;отг с. Студена ;1048.40;;4466.30;2098.60;
04514000000;отг с. Сурсько-Литовське ;2099.30;;6074.60;3651.40;
06508000000;отг с. Тетерівка;1073.20;;5950.70;3903.50;
13514000000;отг с. Тростянець ;1976.70;;9690.00;4783.30;
15507000000;отг с. Тузли;886.80;;2478.30;1524.20;
24510000000;отг с. Усть-Путила;679.90;;4328.80;1337.20;
08506000000;отг с. Чапаєвка ;;1948.40;6053.20;3484.80;
16511000000;отг с. Червона Знам'янка;178.70;;6447.60;2811.90;
15508000000;отг с. Червоноармійське ;248.40;;4205.50;1361.00;
13515000000;отг с. Чуква;1549.70;;4982.30;1937.30;
02100000000;Обласний бюджет Вінницької області;46095.60;;161864.10;752599.00;
03100000000;Обласний бюджет Волинської області;69437.70;;191147.50;487469.30;
04100000000;Обласний бюджет Дніпропетровської області;;392048.90;421734.10;1551668.90;
05100000000;Обласний бюджет Донецької області;;65816.00;314385.20;963376.10;
06100000000;Обласний бюджет Житомирської  області;39994.70;;154635.60;597634.80;
07100000000;Обласний бюджет Закарпатської області;99510.70;;100431.70;589091.20;
08100000000;Обласний бюджет Запорізької області;;40872.90;392853.60;876740.00;
09100000000;Обласний бюджет Івано-Франківської області;101005.00;;136080.10;672203.60;
10100000000;Обласний бюджет Київської області;;45023.70;112481.30;810574.80;
11100000000;Обласний бюджет Кіровоградської області;23950.40;;140011.50;463267.40;
12100000000;Обласний бюджет Луганської області;15132.00;;286184.80;346021.80;
13100000000;Обласний бюджет Львівської  області;15859.00;;278420.20;1177424.60;
14100000000;Обласний бюджет Миколаївської області;34823.30;;257393.00;548778.10;
15100000000;Обласний бюджет Одеської області;13012.00;;292454.30;1144289.40;
16100000000;Обласний бюджет Полтавської області;;19351.80;192358.40;674205.40;
17100000000;Обласний бюджет Рівненської області;58492.30;;169740.50;532444.60;
18100000000;Обласний бюджет Сумської області;13019.50;;123504.30;543223.70;
19100000000;Обласний бюджет Тернопільської області;54096.90;;110357.40;499092.50;
20100000000;Обласний бюджет Харківської області;;12237.00;314508.40;1277828.60;
21100000000;Обласний бюджет Херсонської області;61244.40;;173637.70;496911.20;
22100000000;Обласний бюджет Хмельницької області;45044.50;;182625.00;625214.30;
23100000000;Обласний бюджет Черкаської області;26135.90;;173591.20;626943.20;
24100000000;Обласний бюджет Чернівецької області;77942.70;;95764.40;415811.70;
25100000000;Обласний бюджет Чернігівської області;31854.20;;138739.30;523929.60;
26000000000;Бюджет міста Києва;;;2226941.30;3094638.10;
;;;;;;
;;;;;;
